تعتبر,الغاء,نك,مجمل,يتميز,المراجع,تقطع,حرصا,اش,بلورة,تدار,المحامون,مزمن,مكثت,ضلالا,الموسوعات,اديسون,المنجمي,قطعات,شركتها,الصنمين,عكرت,الادناس
يظهر,المجتمعات,نار,سب,المطلقة,ايجابي,نقض,التلوث,حمام,المصداقية,العلمى,ينوب,قانا,منخفضا,غزوان,ساطعة,المعادل,تفرقنا,استهلاكي,التافهين,الاجارات,العباية,اكياسا
الاثنين,استقبال,يقصد,الغالب,وحدات,الفرج,الليبرالية,ادوار,ضدها,ثلاثية,مستعدون,عش,اغفل,المتاخمة,ترتبت,دولتها,قسوتها,لينوكس,لوما,استصغار,الاوزب,استمرات,تستامر
ليبيا,الطرف,انذاك,عزل,يدعم,مظهر,القبور,الركاب,مكوناة,صناعية,سلع,الامازيغ,طاوس,عرابي,المكررة,هجرها,موضوعين,انقلابها,يتعذب,منصورا,اتبعتم,الضمادات,الترشحات
القلب,عقل,جر,الخمر,جهاد,للثورة,الثبات,التساؤل,الشركاء,مزايا,الظاهرية,الجهالة,اصدرتها,News,تحوير,المثلثة,الشتيمة,المرار,الثبت,المغسلة,هديها,الباسها,يؤجرها
القدم,الفنان,دام,تداول,الجوع,نقدم,التقسيم,اروع,الجيزة,الوساطة,رواياة,اوف,التبريكات,شاول,يعزو,نستغفر,بعبده,خصمك,طافة,اعلنوها,الديوانيات,مختال,هجريه
الازمة,يرجع,القلق,يحتوي,الصناعي,اضيف,كريمة,تجسيد,المتفق,العضلات,قيصر,الاسمى,ابيت,استمتعت,قرحة,ساعاة,معالى,باشتراك,العذوبة,Links,يستجدون,عاقلين,همزته
حجم,صدور,سنين,الثروة,الوقف,المحدد,فكر,ثياب,احفاد,المحرمات,المنشا,المعلمون,عائض,تطوف,شاءالله,مولودا,اتمها,فيم,ننشئ,فتواه,لدير,الباروني,باخوميوس
احيانا,لولا,كشف,المسلمة,الاحسان,هائلة,امامة,مصيبة,الثقيلة,اعاقة,التمريض,تتفاوت,الكونفدرالية,نسخها,يتوزع,المدعم,متوجهين,متوترا,كدمة,المنعكس,كتفا,الاضحاك,هالناس
القاعدة,مقتل,يعلن,ابان,اعني,نفقة,العلوي,كثيرين,الاقتراب,العديدة,بصمة,المستثمرون,تشكيك,نتحاور,مشيط,مخجل,جامحة,بصره,للترقية,ساقت,كارو,استشهادا,مقضي
تدخل,الموجودة,المستشار,ذكرها,التجديد,كوردستان,القصف,انصاف,ارجوا,عنصرية,مناقشته,المعتدي,تلقينا,المسكوت,المحركة,حاكمية,المهلكة,العرائض,ربعها,استغربوا,القسطل,ماتعنيه,خاو
المباراة,البلدية,نظير,يصعب,يشار,يميز,الحريق,مادام,منتج,الميداني,احرق,مشكلتنا,ابقائ,المنيع,الجامعى,الطبعات,شلبى,تنمويا,نغفر,اسعافية,المبكية,نتلقاها,مديان
العالمي,شي,عجز,الخليل,المنتظر,قدمها,العمارة,الحيض,القادمين,تدير,الفهرس,المشاهدات,شفيع,القرامطة,الشحوم,اورث,تقهقر,يسئل,معزيا,الجبلة,مروق,العباء,الجدعاني
يؤدي,الامل,عوامل,اخبر,الانصاري,صيام,مولد,صنعت,مضي,مار,ظاهرها,الثلوج,التكفل,ضمرة,مسئولى,الواحدي,المتقدمون,دف,حالوا,يخسا,تتخلي,مواخير,يزورونها
الكتب,سم,الزمالك,مفتوحة,الموظف,الحسنة,لعلي,اخذها,الدها,قرارها,علمائنا,الاسوار,عبادك,مدركة,نبيها,الشيوعى,للوقوع,تحتكم,يقترحون,البيومي,متدرجا,لاكنها,يطرف
حساب,الافضل,البيضاء,للدفاع,امية,خارجها,الدموية,المجاهد,التكريم,حدوث,الافراح,يتداول,عدول,طره,يفد,كاذبون,انزلوا,نفعية,دمات,تاريخة,يرابط,جديع,يوقت
عامة,الدعاء,الخصوص,العقيد,اسود,غضون,السموات,ارفع,يوصل,الاعدادية,قراءات,متعمد,السيناتور,تبنتها,العبرانيين,بيرل,يااستاذ,البلشفية,النعمانية,المفتشون,للاتجاهات,AC,طاهري
السلطات,ساحة,حدثني,اركان,قدس,التقليد,الخلفاء,ممنوع,التمر,سرير,وضو,الافضلية,استغنى,الديدان,يهين,كنترول,نخلط,المنحلة,التناصح,الرابحين,هاينز,تينيسي,تقديركم
الفصل,اسحاق,اصوات,الال,المناصب,سوري,السينمائي,نسيت,مركزية,شيعي,اخراجها,ميركل,تلميذا,المقروء,علال,نتحول,فحصها,المقتبس,مناسبتها,المتنفذ,اتاوة,الطنافسي,ارارات
المستوى,عادل,دماء,نقوم,تعكس,شعبها,الحائط,ايجابيا,حكومي,الناجمة,الامتياز,لزمالك,اشدها,القيمي,يسرة,عاصف,يتكئ,المتورطة,دربة,الكبيرات,الكوبرى,حيط,ولايقبل
لغة,الطبع,فارس,تقرر,يعين,زعماء,الاستئناف,خديجة,ثقافيا,المحدث,ينذر,جنى,منبه,الازد,مضيت,تغسيل,جارنا,يتحدون,اسقطة,سوسير,تعنته,قسورة,عززها
صور,نساء,رحم,البترول,موريتانيا,ابحاث,الكاتبة,الشغل,اعلاميا,يحلم,الادانة,البشارة,تهيئ,الحباب,فرناندو,سباقة,شظف,الاوصال,التسلم,موردين,تعصيب,مجهوداتكم,غوري
الشارع,يقل,اوراق,لديك,تطلق,امثلة,البدع,كوكب,يتكرر,عواقب,اعطاها,تقبلوا,نتحرك,الانتقاص,محفوظا,التانى,يتصلون,اكثري,جهلت,جثثا,يذهبان,الكشافات,متنكرين
سيما,علاقات,يقود,العقاب,المباركة,مخالف,وقت,الرفيق,عمرة,استفادة,اعلانه,اشرح,قضبان,مطرب,يارا,السجادة,مصلحتك,نخبوية,يدلى,يضرون,يتبعك,معجبي,الكيميائيين
المسيح,الشديد,خلفية,للاسلام,يعكس,ضياع,الثواب,ضربت,محتوى,ترقية,محملة,اللافتات,افاقا,كيمياء,دراج,الممرض,فيزداد,عشائري,يذب,مايحب,عصينا,ابيحت,غلبا
تريد,يذهب,ايجابية,الجوانب,افاق,عادية,السائق,دعوات,النجاسة,باحدى,عوائد,مستوا,سواءا,نصحت,اصات,يقولن,مناهجنا,محميات,الجابية,ايي,حبره,يظما,حاكت
يدخل,قوانين,عمار,ترفض,اللقاءات,الاربعين,وصلنا,سياساة,الرئاسي,لاحداث,الماسي,نكهة,يعرضها,الانتهاك,رؤاه,تنوين,تتطاير,نجمي,اشوري,المدبلجة,البيتا,هلمون,حشري
الحالة,استاذ,الاخذ,كفاءة,قرى,الزاوية,قدوم,الامرين,الثور,ظالم,تكررت,اعمالك,كرامات,الغرافة,ملابسي,يلام,السيدان,Jul,نقتبس,قاضيها,تحريق,انهدام,بئيس
ارتفاع,تعبير,التنفيذي,اناس,المديرية,يهدي,خطف,طرحها,السكانية,اعمق,البشرى,نتعرض,التحليلية,بيلي,التقانة,اهوى,لكنيست,ردهات,تفتق,توقيتات,دمعتي,البهادلي,تقاطعا
الدستور,غدا,الحمل,المفاهيم,يلتقي,الكثيرون,الاهرام,موحد,يتعارض,السبعينات,جريان,لساني,ناقصا,قارون,الحناجر,نبيذ,المناعية,المعقل,الدوما,اوهاما,ميداليتين,سواقي,الشطان
قدرة,اليمنية,الجامع,الموصل,المؤتمرات,رحل,الحربية,الفردي,معجزة,يزول,تكتفي,قاس,المراعي,معاها,التخمين,الغفير,المنزه,للاكاديمية,المستهزئين,سيدتين,مزدوجي,الشفلح,الجفنة
العودة,حدو,التصرف,تنظم, اط,وحيد,حان,يوقع,عبرة,الكواكب,الوحش,الغدد,الاولون,التنصل,ساذهب,عجمي,سلبها,انحيازها,استلمه,للتشكيل,انحطاطا,شالكة,يعرضن
الكبرى,العالي,القنوات,اسواق,الخب,انتشرت,قر,برهان,الفتاح,جثث,يحاكم,مخطوط,رئيسهم,الركيزة,الاشباه,توسعا,يعالجها,احراجا,يفاجئنا,يتحايل,تعززها,الظاهرتين,انغوشيا
عبارة,خطر,فضيلة,الاجتهاد,امتلاك,المسافة,اندلاع,الاسلامى,الاغتيال,للنفط,شفافة,تدريباة,التعبيرية,يبايع,التماسيح,انج,الشاميين,المحجور,تخريبا,حسهم,تولدها,ستاكل,اضطهادات
مؤسسة,القرارات,تتحدث,تفرض,انجاح,العزة,التهديدات,طريقا,الزعماء,عانى,التمرين,تحييد,المحاسب,وفق,الغارقة,جزين,الاعظمي,يتنازع,سف,طالتها,درايه,قاعدي,تتقلد
واسطة,سائر,الوحيدة,تكمن,اشكر,صلاحية,الشكوى,المعنوي,مادي,زى,توطيد,خلوة,الشهامة,بوتو,تكا,الزكي,الفاف,شمسان,البارجة,رينان,الدامغ,كدية,اخبروها
احكام,قريبا,المنهج,الكردي,اسلامي,سلمية,الفم,المعيشة,تساوي,المصيبة,الخطابي,اطاع,انضباط,افواج,صماء,تار,املت,انيا,حدكم,تصويبة,Air,الوقفي,التمنع
الاحد,مسجد,نبي,قدره,اقترح,تعين,اصعب,تخريب,المحرك,تقارب,صمم,قماش,المرحل,للانفصال,الملذات,يفاوض,انصهار,المداراة,بلاس,النمس,اعجبتكم,الاوبة,بندية
مات,تاخذ,المع,شجرة,حصر,ينجح,السورة,ماديا,الغش,اعلانات,المفرط,التمهيدية,للتظاهر,تفوقت,اسنا,تلاحظون,مصطلحا,السعدني,يئسوا,الارفع,مشع,وجبات,نتفرق
الاصل,جرائم,المعركة,عزيز,اتمام,تامر,رز,ربكم,عقلي,الطغيان,النسل,السفهاء,المحاذية,غنائم,سركيس,مشغولون,الشيح,غلبوا,الوعائية,لمحققين,ظرفي,يكشر,منقوطة
قطع,حقيقية,الحديد,الابتدائية,اسبوعين,البسيطة,ثانوية,الموحدة,يضطر,الحسد,الصحافية,خاب,خطئ,كتلته,ال  ى,الحظو,تشانغ,قرارت,خصاصة,كعدو,شكلو,لاحظها,المضعف
مصدر,ابريل,حكمة,الاشهر,وثائق,البضائع,النوعية,تحققت,الطاهرة,سفن,اقتناع,تريكة,الدف,قتهم,جزئ,الاصلين,مقلة,كرنفال,منتمين,ذري,يفروا,يتمسحون,مستعجلين
مكة,قرارات,الغذائية,التعلم,سيئة,العقارات,تصيب,الانظار,الامبريالية, اعية,الركب,السل,ايثار,صداق,منبها,لولاها,علوه,تفعيلا,المليجي,تبسمت,متزنا,خزعبلاة,مسخادوف
العدل,وضعت,التقليدية,اللسان,دقيق,انتهاك,الاثرية,للعرب,يستحب,بابي,الصادقين,وقفا,تالي,المتشابهة,فقهاء,المشرقية,الشقيري,الصحيف,great,السلوفاكي,تتبادر,تتحايل,جلق
منا,اخذت,سابقة,مبينا,قنوات,الضعيف,ثقافي,مسؤولون,يضحك,الزوجات,العلا,جدتي,المستعصية,الرجعي,الانغماس,ميلر,قناديل,القرشية,المكاتبات,سانتياجو,ننتفع,تنغيص,نصرتنا
قائلا,مايو,دارفور,تسعة,للامام,مسمى,الزملاء,اكدوا,صحي,تقدما,كاتبا,حقوقي,استناد,حواراة,شوفو,خارجين,التجديف,المشغلة,الشجي,صيامنا,معقم,قطعن,بده
التغيير,تعيش,علمت,اسفل,التشغيل,العظام,الخنازير,وجبة,ممكنا,قوما,غادة,الثمين,السوي,الزلل,قنطار,الاستمناء,المستدل,نشاطك,احتياطاة,اتاوات,للمشير,قهار,تنتشي
الباب,يشهد,قطعة,التصوير,الغزو,الرعب,المؤشرات,مهندس,قبره,تكتمل,التعاملات,الفرن,شموخ,حراكا,زاهية,انصافا,مصابي,الرالي,مشوبا,استبسال,الساخرين,مينو,المورتر
اعلى,لعب,البريطاني,الوظائف,اجعل,التشريعات,العجب,اح,الجلالة,الامد,حاسم,المسئولون,كاساس,اليافعي,للارتفاع,منقطعا,الكولومبي,المبتذلة,المنشطة,غدامس,يضطهدون,الدرهمين,زنية
قع,النهار,الانجليزية,ينقل,شملت,متن,اياك,اعلية,بيك,كفالة,اخف,تلفزيوني,استلمت,الله-,نفرا,بريمن,تداولت,الخادعة,صفائ,جهيمان,المشدود,الموجية,ساوة
الجماعة,الالتزام,يتمكن,الخليجية,الانتظار,السنن,الاسراع,عوف,فضائية,اسطورة,مسجدا,راق,المدرج,لافشال,يفسره,يلصق,متضامنين,تندر,يستطيعان,فنيي,فيروسية,زينجا,يرمل
العلاقة,ذاتها,سماع,ابلغ,يهتم,قائل,الاولوية,المواطنون,الممثلة,مديري,ترقى,يختلط,اعدوا,الرذائل,دونية,توبوا,يجبرون,السبتي,مشبب,السوسنة,مردودات,تضامنوا,العكور
الزواج,اشارت,خمسين,اولياء,المكتبة,النبى,طالت,باسعار,الشمري,حتمية,دحلان,الاعدادي,مشكلتك,المدرعة,الانسداد,الوالى,كمالا,معقب,فغفر,الاتحادى,خذلوا,النوبارية,المولدي
الشاعر,النصف,الاخطاء,يتخذ,يساهم,التخفيف,امرها,المسرحي,D,عادوا,الارحام,تغسل,طفلين,الفتيا,الافلاك,للحارس,يغنيه,يذق,الاضعاف,يكذبوا,الصحفيه,اياديها,جامي
العليا,اتى,التجاري,وجودها,الطائفي,اسرائيلي,شاهدت,نشعر,الاتيان,الراء,كتابتها,قدح,للانتباه,يكرهه,  واري,مشار,الاوراد,تسئ,كثبان,حنفاء,مفاجئات,رومل,حصدنا
الارهاب,كونها,ازاء,الجودة,خصوصية,ثقل,نسعى,المعتمد,تعجب,هنيئا,التمهيد,يتمنون,احتمالا,نحتاجه,يمزج,يطفو,ياعزيزي,صاعين,حنو,يخلصها,التوجة,منصورين,الفوهات
الفكر,ثمن,اعتبارها,قصص,المناخ,سرا,ثمان,تدافع,خفيفة,الاعادة,الباقون,المتدينين,قلائل,يتبرع,التعاسة,الجيني,طقوسهم,سندي,الكشميهني,جبيرة,انفينيتي,قباحة,مرافعاة
ذاته,موافقة,النقاط,المعارض,ترجع,الابعاد,يفعلون,المهاجم,سلبي,تؤيد,الطاهرين,ملامحها,شجعت,مختارات,دارك,تراك,تسويف,البصرى,السراغنة,المسنات,التصحيحات,فضاق,تتحدثان
النائب,متعددة,بقيت,تحديث,اعتبرت,مكتوب,صعد,اوسلو,العريضة,احتل,عاء,الكلامية,يصحب,خنزير,اضت,تطوعية,الدعائي,ممسك,ملهاة,عميم,ابلاغنا,افترائ,ديناران
كبيرا,الطبيعية,يظل,ايار,التوقف,اثرها,السقوط,المشرفة,الاسمنت,جدل,للمباراة,اعلامنا,اخوانى,يقررون,النجدي,حاييم,نخجل,محظوظة,جهنمية,السمط,الكاوبوي,الصرعات,وجدتنى
الوزير,شرطة,النقابة,شاملة,اد,الحقد,الناتو,المخيمات,الشريك,فعلية,هادئ,ذكري,يبسط,الباهر,عادتي,فارسلت,البدلة,ابتلينا,يتحلون,مغيرا,مستعرض,كتبتي,اسبرطة
شمال,تؤدي,التنفيذ,صعب,حكما,رواد,اللبن,بيوم,بلاغ,لقيت,اللائق,المجاهدة,المذكر,مرهونة,اترككم,متوازنا,اخلصوا,اوديب,راعيها,الجثتين,الباكية,المنقح,ص70
الدم,توفي,امي,متنوعة,الائتلاف,القتلى,شراكة,الاخوات,الموجه,حاسمة,السهو,شركاة,الاطروحات,عقيم,الكور,معزول,يتاذى,المخب,اهديك,المروق,يخصصه,النهشلي,تسمونها
يحتاج,سال,انقاذ,عدل,الضرورية,جروح,طرحت,النعم,تولد,نصائح,محترف,كيانات,النظرات,اعذب,العقب,انسة,شخوص,ممارسي,عسفان,القعر,عاشرة,للمفيد,خبراتي
مناطق,صفوف,الرحمة,شاعر,المريخ,اللحم,ينسى,ادعاء,التميمي,يونايتد,ممثلو,يرتاح,يوفنتوس,محاول,الحبكة,متنفس,يبل,ردينة,المومن,مقيل,لليلتين,طرحوه,كونيللي
امين,اشارة,جمهورية,الكويتي,الرفض,القديس,الحجاز,الاثم,قدرا,المولد,ماحدث,جددت,نصية,نتا,اوضحوا,Vote,الوفاض,يكرمه,للمتعاملين,سعيرا,ارتجت,معمري,تحصنت
الخروج,الامراض,اكتب,اقر,يراه,عراقية,تجرى,اليونانية,الجلسات,متعدد,احداها,الايقاف,المحسوبين,البدائي,الفولاذ,ينفث,المعادين,تزويدي,للتعددية,التسلسلي,ح2,التعاظم,ينجيكم
شكرا,الحدث,المعلمين,استثمار,عروض,غزو,سدد,الجمارك,تجدد,لبنك,تعجز,خفف,الارمنية,نضحك,اباءنا,شبهها,همن,تتاكل,ترقيات,اشجارا,التموقع,بيرقدار,عظوهن
الثالثة,عائشة,الكرامة,هدا,العرش,المؤمنون,الشاشة,الارهابي,المغيرة,نفقات,صلبة,القبطي,شاسع,الشات,المانعة,افارقة,المؤدى,خلاياه,صفارات,نشمي,الشقيقات,جسدوا,المستحقون
الثقافية,النصوص,المعتقلين,مروان,تكاد,الساحل,ازدياد,مه,الطير,الصدارة,الماشية,حبيت,خاضعا,قرانه,رالي,نحرم,مجري,تعازيه,مصورين,كوليبالي,الزملكاوية,غسلوا,جملية
طويلة,تسليم,معهد,الوحدات,الرئاسية,مصالحها,سلمت,الطواف,افريقية,سط,الخلفي,الفرعي,غشت,العقيم,تواضعا,بحيرات,الانتقالى,المشاورة,نبغي,اللانهاية,خريسات,اسماءنا,دواعيها
صار,كمال,اهمها,نفي,العاشر,اليونان,بديلا,غاز,جا,الجاهل,الكسل,لاكبر,انشدني,المنتهي,المتبادر,للمستفيدين,عاناه,تواجدنا,متكونة,ممنوعين,خزيم,متسببة,تدثر
وفقا,هنالك,اللعبة,نجوم,الامطار,الصعوبات,المفكرين,استغرب,دبلوماسية,شمالي,المتواجدين,مشرفا,ينبض,ادمي,ننتقد,تسم,الابراهيمية,للتوفيق,سفاجا,York,خلاصي,و58,مترجمه
الخميس,الاستفادة,الصندوق,التوتر,الاوقات,ارهابية,الفقيرة,انساني,كادت,العاقل,نووي,يزد,المستديرة,ا-,الاعدادات,الاسفاف,افصل,تصبحوا,الخضم,انهاض,الاسيد,المسرعة,ناكوزي
القضايا,مستشفى,تحرك,حلم,تتمكن,الاتحادية,زمنية,الفصول,اخبره,تقولون,ارضي,تجنبا,مصنوع,فتور,حصارها,كيوتو,المهاجمة,نفح,يصفع,صناعى,النوعان,الكبسولات,المصراع
متى,النشاط,الصحيحة,يموت,هدو,سعودي,المعنوية,القنابل,عراق,موطن,تحذر,ادين,المداخلة,مقتصرة,عودا,اليزيدي,ميكي,مكسيكو,الغرياني,ينقذنا,اجراميا,تمزيقا,القبب
تبقى,الصهيونية,ورقة,يشترط,يستطع,يتصل,تاريخيا,مواعيد,حمدي,الذكريات,المسنين,نموها,مؤثرات,اسرائيليون,يمرض,نحره,مجروح,تذيع,الدخن,التحسيسية,الجدعان,ارويها,اناثينايكوس
اسماء,عندي,ادخل,المستويات,الصيد,الشاهد,انضم,نصه,رمزا,شرم,المنتهى,تمكنا,تغلغل,يجتاز,مرورها,منارات,حكمتها,النازعات,الادانات,التحسب,الواهنة,اغطي,الكيلانى
الصحيح,عسكرية,انخفاض,كركوك,البائع,السماوات,تبذل,المصحف,تغييرات,المهجر,الامومة,زهد,نجحنا,الاوسكار,بريك,البسة,تقتضيها,للمسؤول,امبير,صداقاة,خفاياها,المخروطية,متشنج
قائمة,اذار,يعيد,ملامح,العشرات,التهم,التنظيمات,حيز,عسير,التصدير,نصدق,سائط,محضة,الاسفلت,جهتين,فودافون,حفرها,التون,ابرئ,عنبا,الثيمات,مواتا,ادخلتني
ذكره,مئات,صيغة,ايوب,العادات,القبيلة,اتفاقيات,تصير,الفلاسفة,الموريتاني,جذري,الملاحقة,الغزوات,يكل,مبشر,المتعين,غايتنا,المدانين,الكوريتين,يستباح,المجالية,خانقاه,نوافير
الحاكم,مياه,دلالة,قم,تعقد,عرضة,مقدمتها,الاختلاط,الجوال,للمدينة,اوصاف,كمثال,تراهن,للفرقة,البيزنطي,توقد,ملحقات,معارضو,جيلبرتو,المقتل,المختلس,شهادتين,باعيرة
المقبل,طلاب,ايمان,الجليل,ممثلة,سلبا,خيارات,التمتع,هيمنة,المحاولة,القياسي,الضياء,مصالحنا,رو,اكتسبها,اثقين,مماتي,الملاصقة,ايليق,استحكم,يخبركم,المصيبيح,يستكبر
اللهم,يسعى,مباريات,ضيق,نامل,درويش,الفطرة,اسعا,شوال,التدبير,تدرج,جرس,سفارات,الصايغ,تبخر,التجا,سجلنا,القلادة,مغالبة,الحاقي,نادة,المغدورين,للاستثناء
العدالة,تامين,مسار,طح,زوال,المقررة,يفوق,ذاتية,تنال,الاعتقالات,العجيبة,المزدوج,هاهم,المتمركزة,اصوم,معدان,مكاننا,ملاحقات,تقرحات,اتعاطف,فورث,منازعت,تبيه
سؤال,الشؤون,ذكرى,اورد,شئون,الطهارة,ذرية,اياكم,الغربة,احلال,المعمورة,ترحل,جافة,تفت,انتهك,طوقا,السوربون,تتعقد,الغز,مجرتنا,خطاياكم,كزيد,يلفظها
سورة,رسم,مساعد,الملايين,شرعي,يملكون,المجلات,باول,تفاقم,تستعد,اموت,الزاني,مخطئا,مذيع,اهدنا,المشؤومة,الترفيع,اكبادنا,يتزحزح,فيضا,نهت,فساكون,تجلسون
ابا,اسعة,ادري,ملفات,الابرياء,كاد,السيناريو,اعتصام,ازيد,المثير,رحبت,تحجب,الفلاش,خفر,فراشة,صدف,Re,التعزيزات,حيطة,يوافقها,الاوتوستراد,ظافرا,المحميين
الوصول,الاثار,عملا,ممثلي,للحياة,المحور,تبرز,الصيانة,اثيوبيا,خارجة,قسمة,ته,يمشون,البوابات,يحيد,دكار,تهوية,ماكولات,امضائ,كبيرتان,خب,انقاذي,الطمانين
امير,السفير,الشرط,مؤمن,ارواح,الموجهة,اللغوي,الطلبات,تصريف,يمني,تعدى,الحجرات,محبوبة,مصيب,ريغان,انحنى,الاحتلام,يمحى,للطاعة,الموتورين,بدلته,استاذية,للاميركان
احب,تفعيل,المخدرات,يتحمل,شهيد,الطبري,القت,حلفائ,رجعت,الجرائد,ذوو,عزوف,مكررة,احتاجت,  جرية,يحتقر,ايحق,ساذجا,اخفاه,المتعاقدان,فضايح,عيدين,الحجوم
الشعوب,قيم,الجهل,يعلمون,بعدين,الشفاء,خيمة,تقريرا,المعتاد,امتار,سلمنا,الشيك,الاس,ارزقنا,الايجاد,التالفة,السحيق,للمربع,للتحولات,عفرا,للوجوه,بلوكات,المنزلقات
فرصة,مصير,شخصيات,تتطلب,الدمار,الفوائد,شركاء,العشائر,خدم,النصح,عفيف,توفيرها,الدونية,افلت,ينشرها,الاقلال,ارست,اوروجواي,وورود,td,كمكافاة,بضائقة,تجاوزن
عما,المبادرة,وثيقة,حرة,حسابات,تجار,يومها,الرقص,المختلف,للشرطة,للمسلم,تمريرة,ميجا,يعبا,صباحي,يرفرف,الكواري,المكائن,سمعتي,ازورها,الاثنتان,المامومون,ماعليها
زمن,الالكترونية,الفقراء,تولى,الفرع,امتياز,الرياضيات,نقدية,مؤقتة,يرافق,جنية,العصبة,الاستسقاء,الجارود,المنسوجات,السنوى,نستوعب,محققي,مدرارا,اجياد,العناقيد,النواقض,تعلمية
الليل,سمو,استعادة,يتناول,النهر,التسويق,المسلح,الاسماعيلي,الكاميرا,واجبا,ينحصر,الرسومات,الغبي,للهدف,الحمضيات,الفدائي,خائفون,فيشير,للاقصى,مصححة,حباة,ارثنا,North
در,تعني,استمرت,محرم,شعرت,مولى,المناقشة,نووية,الاستغناء,تبكي,حظا,عزمه,ينتهك,تستعرض,الخبائث,باقتدار,اليعازر,ضمانها,القوقعة,الطريقية,رياحا,حدويا,استقي
لما,الاخلاق,الجولة,راينا,بعثة,الشرح,معبر,الضيقة,اسطول,ابنتها,الملائم,توم,منصوص,حدين,رضوانه,لارواح,الرقاع,جرفت,تقسطوا,نقصانا,خفائ,صحاء,اعليك
الخليج,الحكمة,الازهر,تتخذ,التحكيم,الثلث,اضغط,استفتاء,الايسر,يستجيب,الاعباء,رادع,العروة,سكاكا,مورس,اوفد,الدينكا,قسائم,العريبي,للواقعة,اغريقية,الموسوس,شخصانية
هد,فيلم,زياد,نحوه,تتغير,شعبي,تي,ازالت,  ندسية,التاجر,تكتسب,مشفى,زميلاة,مكتفيا,الحمق,تصميما,بريف,كافح,نصحوا,البواح,اليانسون,الصوفيون,عموميين